INSERT INTO movies (title,description,release_year,director,rating,is_watched,trailer_url,poster_url,viewsyt,duration,video_url,views_count) VALUES
	 ('fgfbg','bgfbgf',2014,'ggbgf',0,false,'https://www.youtube.com/watch?v=bgxiTkAlQrw&ab_channel=iVideos','d379a777-e08c-4c9e-ab83-32e447cf78e4.jpeg',0,'2 часа',NULL,0),
	 ('Ойыншықтар Хикаясы','Энди шамамен 18 жаста, колледжге жіберілгенге дейін 3 күн қалды, ал оның ойыншықтары, соның ішінде Вуди мен Базз Лайтер, олардың болашағы туралы болжам жасайды. Олардың тағдыры қайда кетеді? Шатырға, полигонға немесе мүмкін "күн"балабақшасына? Оқиғалар күтпеген бағытта дамиды және сүйікті кейіпкерлердің шытырман оқиғалары жалғасуда!',2010,'Ли Анкрич',0,false,'https://youtu.be/EmsZ9vcoKAo?si=nTn5_tKuN9gXjXWK','d379a777-e08c-4c9e-ab83-32e447cf78e4.jpeg',0,'1 час',NULL,3),
	 ('Наследство 2025','Девушка оказывается втянутой в международный заговор после того, как узнаёт, что её отец — шпион',2025,'Нил Бёргер',0,false,'https://youtu.be/eI1XVI5uktk?si=VOVAMn9G7NHQpb6i','ab61b5b1-9c2f-477c-8ed1-fb7fa23867e1.jpeg',0,'1час 20 мин','http://localhost:8081/video/Nasledstvo_2025_720.mp4',17),
	 ('«Айдар» мультхикаясы (2018 ж.) 1-бөлім ','Қасиетті тұмарды тауып алған Айдар атты кейіпкерімізге құпия міндет жүктеледі. Оның міндеті мифтік әлемде қалған бабалардың қаруын тауып, жеңілмес күшке ие болып, нағыз қаҺарманға айналу. Зұлымдық әміршісі Еркілікпен шайқасып, бабалар аманатын орындау',2018,'Дильшат Рахматуллин',0,false,'https://youtu.be/ZIN8iq9x19g?si=_z0nDSbguE_s7jo6','4415cc51-fe93-45c7-8cff-a0b5c1862fae.jpeg',0,'1 час 12 мин','https://youtu.be/ZIN8iq9x19g?si=cjowOgc7eRyt4L_F',0),
	 ('Наследство 2025','Девушка оказывается втянутой в международный заговор после того, как узнаёт, что её отец — шпион',2025,'Нил Бёргер',0,false,'https://youtu.be/eI1XVI5uktk?si=VOVAMn9G7NHQpb6i','550f95e9-13c8-49c9-bcbe-c92cbdc56c95.jpeg',0,'42 мин','http://localhost:8081/video/Nasledstvo_2025_720.mp4',0),
	 ('Три кота Сериал','В дружной кошачьей семье постоянно происходят поучительные и забавные события, героями которых становятся котята Карамелька, Компот и Коржик. С любыми трудностями им всегда помогают справиться родители —папа, глава семейства, трудящийся на кондитерской фабрике, и мама, хранительница домашнего уюта и по совместительству талантливый дизайнер детской одежды. Главные герои имеют свой неповторимый характер и отличительные черты. Семилетний Компот очень развит и эрудирован, все свободное время проводит с книгой и обожает разгадывать головоломки, периодически прерываясь на игры в шахматы с папой. Шестилетний Коржик — кот-батарейка, всегда озорной и с неограниченным запасом энергии, не представляет своей жизни без игр в футбол, бадминтон, догонялок и любой активности, а разговаривает всегда очень громко, шумно. Четырехлетняя Карамелька спокойна и рассудительна, мудра не по годам. Посмотрев онлайн сериал «Три Кота», ваш ребенок сможет познакомиться с героями поближе и узнать в них как себя, так и своих друзей, будет постепенно учиться общаться и взаимодействовать как со сверстниками, так и со взрослыми.',2015,'Дмитрий Высоцкий',0,true,'https://www.youtube.com/watch?v=bgxiTkAlQrw&ab_channel=iVideos','d379a777-e08c-4c9e-ab83-32e447cf78e4.jpeg',0,'1 час 40 мин',NULL,6),
	 ('Байланысты әлемдер','Екі параллель әлем бір тағдырмен байланысты. Біреуі кенеттен қайтыс болған эпидемиядан зардап шегеді, екіншісі тиранның мейіріміне бөленді. Бір әлемде Син есімді жігіт которидің балалық шақтағы досына ғашық, ал екіншісінде олар жау: ол Джин бүлікшісі, ал ол Котоконың деспоттық ханшайымы. Джин бір әлемдегі адамның өлімі оның доппелгангерінің өлімін де білдіретінін біледі, сондықтан Коториді өлтіру үшін біздің әлемге көшеді. Бірақ Ұлы басқа адамдардың қақтығыстары үшін махаббатын құрбан етуге дайын емес.',2019,'Юхэй Сакураги',0,false,'https://www.youtube.com/watch?v=Y14MaJCKAoI&pp=ygUb0KHQstGP0LfQsNC90L3Ri9C1INC80LjRgNGL','4415cc51-fe93-45c7-8cff-a0b5c1862fae.jpeg',0,'1 час 10 мин','https://youtu.be/5reAAAMqHYE?si=hw9jOp1aziQ9-zOs',0);

	________________________________________________________________________________________________________________________________________________________________________________
	
INSERT INTO allseries (series,title,trailer_url,duration,poster_url) VALUES
	 (1,'Ойыншықтар Хикаясы 1','https://www.youtube.com/watch?v=LI_GT4uFd-o&pp=ygU00L7QudGL0L3RiNGL0pvRgtCw0YAg0YXQuNC60LDRj9GB0YsgMyDQutCw0LfQsNC60YjQsA%3D%3D','1час 41мин','2bfffa0a-4a31-41cd-a38b-5fce269abaaf.jpeg'),
	 (1,'Ойыншықтар Хикаясы 1Ойыншықтар Хикаясы 1','https://www.youtube.com/watch?v=LI_GT4uFd-o&pp=ygU00L7QudGL0L3RiNGL0pvRgtCw0YAg0YXQuNC60LDRj9GB0YsgMyDQutCw0LfQsNC60YjQsA%3D%3D','1час 41мин','616bf0a8-111f-4183-b5b9-54b61d8175d3.jpeg'),
	 (2,'Ойыншықтар Хикаясы 2','https://www.youtube.com/watch?v=gcawsj1M1b0&pp=ygU00L7QudGL0L3RiNGL0pvRgtCw0YAg0YXQuNC60LDRj9GB0YsgMiDQutCw0LfQsNC60YjQsA%3D%3D','1час 20мин','2bfffa0a-4a31-41cd-a38b-5fce269abaaf.jpeg'),
	 (1,'1 серия / Музыкальная открытка Три кота','https://www.youtube.com/watch?v=bgxiTkAlQrw&ab_channel=iVideos','1час 33мин','2bfffa0a-4a31-41cd-a38b-5fce269abaaf.jpeg'),
	 (2,'2 серия / Киношедевр Три кота','https://www.youtube.com/watch?v=bgxiTkAlQrw&ab_channel=iVideos','40мин','2bfffa0a-4a31-41cd-a38b-5fce269abaaf.jpeg'),
	 (3,'3 серия / Пикник Три кота','https://www.youtube.com/watch?v=bgxiTkAlQrw&ab_channel=iVideos','20мин','2bfffa0a-4a31-41cd-a38b-5fce269abaaf.jpeg');


INSERT INTO movies_allseries (movie_id,allserie_id) VALUES
	 (97,1),
	 (98,4),
	 (97,2),
	 (97,3),
	 (98,5),
	 (98,6);

__________________________________________________________________________________________________________________________________________________


INSERT INTO genres (title,poster_url) VALUES ('Ойын-сауық','6dbd7fa8-9ea4-42df-bcb2-49c5a43b4304.jpg'),
	 ('Шытырман оқиғалы','6dbd7fa8-9ea4-42df-bcb2-49c5a43b4304.jpg'),
	 ('Қысқаметрлі','6dbd7fa8-9ea4-42df-bcb2-49c5a43b4304.jpg'),
	 ('Спорттық','6dbd7fa8-9ea4-42df-bcb2-49c5a43b4304.jpg'),
	 ('Аниме','6dbd7fa8-9ea4-42df-bcb2-49c5a43b4304.jpg'),
	 ('Мультфильм','6dbd7fa8-9ea4-42df-bcb2-49c5a43b4304.jpg');
______________________________________________________________________________________________________________________________________________

INSERT INTO movies_genres (movie_id,genre_id) VALUES
	 (2,1),
	 (2,3),
	 (2,4),
	 (3,1),
	 (97,5),
	 (97,24),
	 (98,30),
	 (103,1),
	 (102,1);


_____________________________________________________________________________________________________________________________________       
       
INSERT INTO categories (title,poster_url) VALUES
	 ('телехикая', '652a48ff-649c-4efd-b2c6-1aae572018f6.jpeg'),
	 ('Мультсериал','652a48ff-649c-4efd-b2c6-1aae572018f6.jpeg'),
	 ('Мультфильм','652a48ff-649c-4efd-b2c6-1aae572018f6.jpeg'),
	 ('телесериал','2bca5ebf-bee1-40a5-9480-032660dfef3d.jpeg');

_____________________________________________________________________________________________________________________________________

INSERT INTO movies_categories (movie_id,categorie_id) VALUES
	 (2,2),
	 (3,2),
	 (1,1),
	 (97,5),
	 (98,5),
	 (103,2),
	 (102,2);
_________________________________________________________________________________________________________

INSERT INTO ages (age,poster_url) VALUES
	 ('8-10','f00809bc-7c44-4b78-a5b8-cc659fe27799.jpeg'),
	 ('10-12','f00809bc-7c44-4b78-a5b8-cc659fe27799.jpeg'),
	 ('12-14','f00809bc-7c44-4b78-a5b8-cc659fe27799.jpeg'),
	 ('14-16','f00809bc-7c44-4b78-a5b8-cc659fe27799.jpeg'),
	 ('16-18','f00809bc-7c44-4b78-a5b8-cc659fe27799.jpeg');

______________________________________________________________________________________________________________________________________

INSERT INTO movies_ages (movie_id,age_id) VALUES
	 (2,2),
	 (3,1),
	 (97,1),
	 (98,5),
	 (103,1),
	 (102,2);

_________________________________________________
INSERT INTO seasons_allseries (season_id,allserie_id) VALUES
	 (1,13),
	 (1,14),
	 (1,15),
	 (1,16);


	 INSERT INTO movies_seasons (movie_id, season_id) VALUES
	 (107,1);





